City_TD,City,Lat,Lng,Max Temp,Humidity,Cloudiness,Wind Speed,Country,Date
0,Albany,42.6001,-73.9662,94.57,58,81,1.99,US,1659985138
1,Pitimbu,-7.4706,-34.8086,81.19,72,30,15.75,BR,1659985499
2,Kapaa,22.0752,-159.319,81.12,71,0,12.66,US,1659985501
3,Mestia,43.0458,42.7278,56.79,89,52,5.08,GE,1659985502
4,Bluff,-46.6,168.3333,34.81,69,2,17.36,NZ,1659985504
5,Ushuaia,-54.8,-68.3,40.66,52,20,9.22,AR,1659985506
6,Henties Bay,-22.116,14.2845,56.12,83,65,7.78,NA,1659985507
7,Harper,4.375,-7.7169,75.02,79,98,8.77,LR,1659985509
8,Concarneau,47.875,-3.9225,75.99,44,95,14.94,FR,1659985512
9,Tuktoyaktuk,69.4541,-133.0374,56.32,65,100,21.12,CA,1659985406
10,Ribeira Grande,38.5167,-28.7,75.6,83,40,9.22,PT,1659985514
11,Mogocha,53.7333,119.7667,44.58,94,98,4.83,RU,1659985516
12,Cape Town,-33.9258,18.4232,57.11,82,100,1.99,ZA,1659985275
13,Muswellbrook,-32.2667,150.9,41.32,93,79,0.83,AU,1659985519
14,Upernavik,72.7868,-56.1549,43.32,75,100,5.75,GL,1659985520
15,Busselton,-33.65,115.3333,47.82,85,99,13.51,AU,1659985522
16,Meulaboh,4.1363,96.1285,75.81,88,100,4.09,ID,1659985524
17,Avarua,-21.2078,-159.775,69.85,83,75,16.11,CK,1659985525
18,Jamestown,42.097,-79.2353,83.95,68,100,14.97,US,1659985410
19,Dikson,73.5069,80.5464,43.11,97,100,19.64,RU,1659985528
20,Mar del Plata,-38.0023,-57.5575,50.95,83,0,11.5,AR,1659985530
21,Rikitea,-23.1203,-134.9692,72.75,79,100,26.89,PF,1659985531
22,Irbit,57.6705,63.071,65.26,79,6,3.06,RU,1659985532
23,Ishimbay,53.4545,56.0415,65.75,85,100,1.48,RU,1659985534
24,Chapleau,47.8405,-83.4034,55.36,81,99,6.24,CA,1659985535
25,Caucayá,-0.1934,-74.7819,86.36,63,81,1.86,CO,1659985537
26,Kenai,60.5544,-151.2583,56.14,77,100,17.27,US,1659985440
27,Glace Bay,46.1969,-59.957,72.79,66,46,4.0,CA,1659985539
28,Bodden Town,19.2833,-81.25,87.01,75,75,5.99,KY,1659985540
29,New Norfolk,-42.7826,147.0587,34.72,85,6,2.93,AU,1659985542
30,Ola,59.5833,151.2833,55.42,81,5,2.68,RU,1659985543
31,Sisimiut,66.9395,-53.6735,44.2,84,93,10.04,GL,1659985545
32,Chui,-33.6971,-53.4616,53.76,71,99,10.07,UY,1659985547
33,Ostrovnoy,68.0531,39.5131,48.94,91,35,8.72,RU,1659985550
34,Tasiilaq,65.6145,-37.6368,42.96,97,100,3.67,GL,1659985551
35,Otane,-39.8833,176.6333,51.01,97,100,9.6,NZ,1659985552
36,Philadelphia,39.9523,-75.1638,96.71,55,40,16.11,US,1659985554
37,Yellowknife,62.456,-114.3525,62.56,59,87,10.0,CA,1659985555
38,East London,-33.0153,27.9116,62.22,81,85,6.2,ZA,1659985557
39,Bethel,41.3712,-73.414,95.36,64,75,10.36,US,1659985284
40,Kamenka,51.3223,42.7678,73.31,37,9,7.43,RU,1659985269
41,Merauke,-8.4667,140.3333,74.97,87,76,14.03,ID,1659985561
42,Atuona,-9.8,-139.0333,77.77,72,22,15.68,PF,1659985527
43,Hong Kong,22.2855,114.1577,79.32,89,97,10.0,HK,1659985565
44,Saint-Pierre,-21.3393,55.4781,67.28,78,0,6.91,RE,1659985567
45,Paamiut,61.994,-49.6678,41.61,90,87,21.52,GL,1659985568
46,Victor Harbor,-35.5667,138.6167,47.68,81,0,6.15,AU,1659985570
47,Bengkulu,-3.8004,102.2655,75.96,88,88,7.67,ID,1659985571
48,Hobart,-42.8794,147.3294,35.06,93,1,4.61,AU,1659985398
49,Lüderitz,-26.6481,15.1594,58.14,70,39,6.49,NA,1659985574
50,São José da Coroa Grande,-8.8978,-35.1478,77.79,67,13,8.88,BR,1659985575
51,Barrow,71.2906,-156.7887,44.62,70,0,14.97,US,1659985576
52,Esperance,-33.8667,121.9,52.21,82,100,10.8,AU,1659985578
53,Yulara,-25.2406,130.9889,50.45,34,11,9.55,AU,1659985579
54,Punta Arenas,-53.15,-70.9167,37.51,81,75,5.75,CL,1659985581
55,Port Alfred,-33.5906,26.891,58.17,97,52,2.53,ZA,1659985582
56,Chokurdakh,70.6333,147.9167,56.75,44,83,5.86,RU,1659985584
57,Saint-Philippe,-21.3585,55.7679,67.21,79,36,9.64,RE,1659985585
58,Port Elizabeth,-33.918,25.5701,61.11,98,0,1.01,ZA,1659985587
59,Mataura,-46.1927,168.8643,34.48,81,8,6.29,NZ,1659985588
60,Thompson,55.7435,-97.8558,76.44,49,98,8.08,CA,1659985299
61,Hermanus,-34.4187,19.2345,56.8,85,100,0.65,ZA,1659985591
62,Lagos,6.5833,3.75,75.43,79,100,8.46,NG,1659985336
63,Krasnokamensk,50.0979,118.0369,51.13,71,6,7.18,RU,1659985593
64,Kapoeta,4.7717,33.5903,77.5,69,96,6.89,SS,1659985595
65,Salalah,17.0151,54.0924,75.29,100,100,4.61,OM,1659985596
66,Cabo San Lucas,22.8909,-109.9124,94.3,69,100,9.48,MX,1659985561
67,Yumen,40.2833,97.2,66.52,58,9,15.12,CN,1659985599
68,Khovd,48.0056,91.6419,71.33,34,100,0.83,MN,1659985600
69,Wewak,-3.5534,143.6268,78.48,86,100,9.15,PG,1659985603
70,Atikokan,48.7555,-91.6216,75.42,34,0,6.55,CA,1659985604
71,Moose Factory,51.2585,-80.6094,64.62,45,100,1.72,CA,1659985605
72,Garden City,42.3256,-83.331,91.65,68,100,19.57,US,1659985545
73,Akçakoca,41.0866,31.1162,73.62,92,54,5.1,TR,1659985608
74,Hithadhoo,-0.6,73.0833,81.99,65,100,2.62,MV,1659985609
75,Envira,-7.3,-70.2167,91.58,45,91,2.33,BR,1659985610
76,Gijang,35.2442,129.2139,80.22,84,99,12.88,KR,1659985612
77,Pacific Grove,36.6177,-121.9166,78.21,78,0,11.5,US,1659985614
78,Torbay,47.6666,-52.7314,65.57,82,100,8.99,CA,1659985551
79,Castro,-24.7911,-50.0119,64.0,79,100,1.28,BR,1659985617
80,Isangel,-19.55,169.2667,74.46,86,40,10.76,VU,1659985618
81,Uvira,-3.4067,29.1458,75.54,58,1,3.56,CD,1659985620
82,Zwedru,6.0667,-8.1281,73.85,80,88,2.71,LR,1659985621
83,Tazovsky,67.4667,78.7,63.84,71,45,6.69,RU,1659985623
84,Aykhal,66.0,111.5,45.55,89,100,2.19,RU,1659985624
85,Kirs,59.3388,52.2447,64.63,92,65,2.89,RU,1659985626
86,Saint Anthony,45.0205,-93.218,76.28,57,40,5.75,US,1659985627
87,Dukat,62.55,155.55,55.53,82,87,5.46,RU,1659985629
88,Uglovoye,44.8215,33.6045,81.01,42,0,8.12,UA,1659985630
89,Sinegorsk,47.1667,142.5,62.29,97,90,3.8,RU,1659985632
90,Grindavik,63.8424,-22.4338,52.27,100,100,23.02,IS,1659985633
91,Ginir,7.1333,40.7,61.34,73,98,6.85,ET,1659985635
92,Itaituba,-4.2761,-55.9836,95.34,36,100,3.4,BR,1659985636
93,Vaini,-21.2,-175.2,76.28,80,7,17.22,TO,1659985638
94,Qaanaaq,77.484,-69.3632,39.74,57,68,4.36,GL,1659985639
95,Joensuu,62.6012,29.7632,55.89,94,0,1.14,FI,1659985641
96,Mitchell,43.7094,-98.0298,75.18,53,0,0.0,US,1659985572
97,Klaksvík,62.2266,-6.589,52.72,85,100,12.66,FO,1659985644
98,Sambava,-14.2667,50.1667,70.83,81,48,12.71,MG,1659985645
99,Ferry Pass,30.5102,-87.2125,90.66,72,0,5.75,US,1659985648
100,Hofn,64.2539,-15.2082,51.82,93,100,16.11,IS,1659985649
101,Pevek,69.7008,170.3133,34.29,84,14,8.66,RU,1659985650
102,Hobyo,5.3505,48.5268,76.55,79,36,26.24,SO,1659985652
103,Puerto Ayora,-0.7393,-90.3518,76.96,84,28,5.99,EC,1659985653
104,Shitanjing,39.2342,106.3439,67.55,79,100,6.46,CN,1659985655
105,Cidreira,-30.1811,-50.2056,58.75,90,100,14.45,BR,1659985656
106,Beloha,-25.1667,45.05,66.52,83,27,17.29,MG,1659985657
107,Marsá Maţrūḩ,31.3525,27.2453,79.56,71,0,5.91,EG,1659985659
108,Te Anau,-45.4167,167.7167,20.88,97,89,1.63,NZ,1659985660
109,Husavik,66.0449,-17.3389,55.54,69,100,18.43,IS,1659985661
110,Bac Lieu,9.285,105.7244,77.02,89,100,8.19,VN,1659985663
111,Mandalgovi,45.7625,106.2708,62.87,61,7,0.51,MN,1659985664
112,Mount Gambier,-37.8333,140.7667,41.2,96,6,2.86,AU,1659985666
113,Zemio,5.0314,25.1361,71.98,91,91,2.1,CF,1659985667
114,Pechenga,69.5259,31.1703,49.51,85,53,8.46,RU,1659985668
115,Longyearbyen,78.2186,15.6401,49.84,71,75,13.8,SJ,1659985670
116,Vila Franca do Campo,37.7167,-25.4333,72.01,83,59,6.11,PT,1659985672
117,Coahuayana Viejo,18.7333,-103.6833,85.68,71,90,6.64,MX,1659985673
118,Yakeshi,49.2833,120.7333,52.0,68,0,10.98,CN,1659985675
119,Port Lincoln,-34.7333,135.8667,51.75,75,0,10.89,AU,1659985676
120,Hammerfest,70.6634,23.6821,50.45,81,75,16.11,NO,1659985678
121,Hoshangābād,22.75,77.7167,79.18,88,14,3.96,IN,1659985679
122,Téra,14.0078,0.7531,91.17,48,95,14.63,NE,1659985680
123,San Francisco del Rincón,21.0167,-101.85,80.65,28,100,5.5,MX,1659985406
124,Tirat Carmel,32.7617,34.9719,80.58,70,8,5.12,IL,1659985683
125,Necochea,-38.5473,-58.7368,49.03,62,96,7.18,AR,1659985684
126,George Town,5.4112,100.3354,82.89,75,20,0.0,MY,1659985458
127,Carnarvon,-24.8667,113.6333,64.06,67,8,17.27,AU,1659985687
128,Poum,-20.2333,164.0167,71.82,72,85,20.27,NC,1659985689
129,Sarāhan,31.5167,77.8,66.18,85,100,0.54,IN,1659985432
130,Roebourne,-20.7833,117.1333,68.09,40,72,9.06,AU,1659985691
131,Mahajanga,-15.7167,46.3167,75.06,58,38,10.07,MG,1659985693
132,Nouadhibou,20.931,-17.0347,74.57,84,2,10.6,MR,1659985694
133,Padang,-0.9492,100.3543,76.37,84,14,3.44,ID,1659985696
134,Lompoc,34.6391,-120.4579,80.85,65,0,21.99,US,1659985697
135,Korla,41.7597,86.1469,88.65,24,96,1.95,CN,1659985698
136,Kyshtovka,56.555,76.6271,56.62,92,1,7.78,RU,1659985701
137,Mahébourg,-20.4081,57.7,66.25,76,4,11.81,MU,1659985702
138,Yozgat Province,39.5833,35.3333,66.52,60,0,7.92,TR,1659985704
139,Sioux Lookout,50.1001,-91.917,75.81,39,75,6.98,CA,1659985705
140,Usinsk,65.9939,57.5281,60.75,63,100,7.47,RU,1659985707
141,Yenagoa,4.9247,6.2642,75.34,89,100,5.66,NG,1659985708
142,Champerico,14.3,-91.9167,83.23,74,100,5.32,GT,1659985710
143,Mossamedes,-15.1961,12.1522,64.72,84,92,2.77,AO,1659985712
144,Bokoro,12.3807,17.0568,82.27,64,48,1.32,TD,1659985714
145,Kaitangata,-46.2817,169.8464,35.69,76,33,8.21,NZ,1659985715
146,Liuhe,42.2401,125.7172,57.58,88,7,4.36,CN,1659985716
147,Tiksi,71.6872,128.8694,48.36,97,100,2.33,RU,1659985718
148,Sur,22.5667,59.5289,89.64,57,100,7.87,OM,1659985719
149,Vila,42.0304,-8.1588,74.7,61,1,5.37,PT,1659985722
150,Yārāda,17.65,83.2667,79.12,94,100,10.36,IN,1659985723
151,Bredasdorp,-34.5322,20.0403,55.09,94,100,4.83,ZA,1659985724
152,Kavieng,-2.5744,150.7967,80.6,80,83,11.01,PG,1659985726
153,Vostok,46.4856,135.8833,53.42,97,1,5.86,RU,1659985727
154,Almaznyy,48.0448,40.045,76.48,24,6,5.73,RU,1659985728
155,Dhenkānāl,20.6667,85.6,78.01,91,96,4.21,IN,1659985730
156,Tautira,-17.7333,-149.15,74.91,60,24,14.12,PF,1659985731
157,Coquimbo,-29.9533,-71.3436,60.53,63,0,13.8,CL,1659985732
158,Mayumba,-3.432,10.6554,69.73,92,100,5.48,GA,1659985734
159,Deputatsky,69.3,139.9,52.79,86,66,2.64,RU,1659985735
160,Trogir,43.5125,16.2517,84.25,37,40,13.8,HR,1659985737
161,Noumea,-22.2763,166.4572,67.98,76,100,10.22,NC,1659985738
162,Kruisfontein,-34.0033,24.7314,58.89,91,0,4.18,ZA,1659985739
163,Yangjiang,21.85,111.9667,77.2,90,17,6.89,CN,1659985631
164,Comodoro Rivadavia,-45.8667,-67.5,48.06,57,40,9.22,AR,1659985742
165,Saskylakh,71.9167,114.0833,52.18,88,100,8.23,RU,1659985743
166,Poddor'ye,57.4695,31.1156,60.91,68,96,4.54,RU,1659985745
167,Alvdal,62.1077,10.6307,60.84,60,100,5.93,NO,1659985746
168,Bambous Virieux,-20.3428,57.7575,66.22,76,2,12.62,MU,1659985748
169,Ancud,-41.8697,-73.8203,48.22,70,73,6.76,CL,1659985749
170,Dingle,10.9995,122.6711,75.13,90,100,2.95,PH,1659985751
171,Lae,-6.7221,146.9847,74.43,81,100,4.7,PG,1659985752
172,Lebu,-37.6167,-73.65,50.79,74,0,11.7,CL,1659985754
173,Bilibino,68.0546,166.4372,45.25,61,63,3.38,RU,1659985756
174,Najrān,17.4924,44.1277,87.17,32,100,4.81,SA,1659985758
175,Rawson,-43.3002,-65.1023,48.18,63,99,13.22,AR,1659985759
176,Polohy,47.4844,36.2536,76.62,24,51,4.09,UA,1659985761
177,Vizovice,49.2229,17.8545,70.02,59,100,6.85,CZ,1659985762
178,Fairbanks,64.8378,-147.7164,53.6,92,100,4.61,US,1659985764
179,Nishihara,26.1842,127.7558,84.25,81,40,6.91,JP,1659985765
180,Nikolskoye,59.7035,30.7861,57.79,94,100,2.42,RU,1659985767
181,Mâncio Lima,-7.6142,-72.8958,91.08,48,46,1.19,BR,1659985768
182,Maní,4.8172,-72.2886,86.47,64,16,4.5,CO,1659985769
183,Progreso,21.2833,-89.6667,91.11,70,63,13.62,MX,1659985771
184,Saldanha,-33.0117,17.9442,55.45,82,100,8.79,ZA,1659985772
185,Dwārka,22.2394,68.9678,78.17,94,100,8.08,IN,1659985774
186,Rānāvāv,21.6842,69.7408,80.17,93,100,11.95,IN,1659985750
187,Obo,5.3998,26.4869,70.75,94,85,2.62,CF,1659985777
188,Wilmington Island,32.0036,-80.9737,88.99,65,75,6.91,US,1659985779
189,Hervey Bay,-25.2986,152.8535,54.18,68,0,8.77,AU,1659985725
190,Faanui,-16.4833,-151.75,76.66,62,100,17.98,PF,1659985781
191,Flinders,-34.5833,150.8552,50.38,79,46,11.77,AU,1659985783
192,Vardø,70.3705,31.1107,51.78,76,0,8.05,NO,1659985784
193,Saint Paul Harbor,57.79,-152.4072,62.11,67,100,3.44,US,1659985785
194,Provideniya,64.3833,-173.3,38.46,71,94,8.57,RU,1659985787
195,Adeje,28.1227,-16.726,76.08,69,0,20.71,ES,1659985789
196,Tuatapere,-46.1333,167.6833,27.55,92,16,4.79,NZ,1659985791
197,San Patricio,28.017,-97.5169,93.09,39,10,14.99,US,1659985793
198,Concordia,-31.393,-58.0209,57.27,77,100,8.99,AR,1659985795
199,Los Llanos de Aridane,28.6585,-17.9182,71.35,73,40,13.8,ES,1659985796
200,Dzerzhinskoye,56.8344,95.2283,54.95,87,15,1.81,RU,1659985797
201,Chapais,49.7834,-74.8492,57.43,72,100,2.75,CA,1659985799
202,Fare,-16.7,-151.0167,76.32,63,81,18.28,PF,1659985800
203,Abu Dhabi,24.4667,54.3667,100.51,66,0,3.44,AE,1659985801
204,Umluj,25.0213,37.2685,91.31,58,9,9.48,SA,1659985805
205,Port Hedland,-20.3167,118.5667,59.05,88,4,4.61,AU,1659985806
206,Seoul,37.5683,126.9778,78.24,98,99,4.94,KR,1659985808
207,Lagoa,39.05,-27.9833,73.78,80,26,15.39,PT,1659985809
208,Bacolod City,10.6667,122.95,77.88,81,100,2.33,PH,1659985811
209,Iralaya,15.0,-83.2333,81.86,83,100,13.31,HN,1659985812
210,Santa Cruz del Sur,20.7147,-77.9956,89.28,60,78,12.26,CU,1659985568
211,Hilo,19.7297,-155.09,84.27,92,100,6.91,US,1659985647
212,Gouré,13.9835,10.2704,83.39,52,45,4.23,NE,1659985816
213,North Bend,43.4065,-124.2243,61.86,91,100,8.05,US,1659985817
214,Bubaque,11.2833,-15.8333,79.68,80,100,14.03,GW,1659985820
215,Rock Springs,41.5875,-109.2029,82.24,28,0,12.66,US,1659985539
216,Leningradskiy,69.3833,178.4167,33.75,85,43,3.65,RU,1659985822
217,Salinópolis,-0.6136,-47.3561,83.52,71,8,13.65,BR,1659985592
218,Selizharovo,56.8519,33.4487,55.31,75,23,2.73,RU,1659985826
219,Khatanga,71.9667,102.5,55.63,96,100,7.18,RU,1659985828
220,Fortuna,40.5982,-124.1573,70.93,72,100,5.75,US,1659985829
221,Mnogovershinnyy,53.9353,139.9242,57.6,99,100,2.68,RU,1659985831
222,Butaritari,3.0707,172.7902,79.99,81,85,12.75,KI,1659985833
223,Wajima,37.4,136.9,82.38,80,100,17.94,JP,1659985838
224,Zhigalovo,54.8097,105.1578,50.9,95,16,0.92,RU,1659985839
225,Rewa,24.5333,81.3,84.25,66,7,9.62,IN,1659985840
226,Manono,-7.3,27.4167,78.66,26,2,5.68,CD,1659985842
227,Assiut,27.181,31.1837,91.74,23,0,9.26,EG,1659985843
228,Arraial do Cabo,-22.9661,-42.0278,73.26,83,100,5.75,BR,1659985844
229,Mandera,3.9366,41.867,85.35,37,100,19.82,KE,1659985846
230,Maraã,-1.8333,-65.3667,89.74,54,98,3.27,BR,1659985847
231,Alofi,-19.0595,-169.9187,73.29,88,40,8.05,NU,1659985848
232,Rokytnice nad Jizerou,50.7256,15.4336,62.24,59,8,4.61,CZ,1659985850
233,San Ramon,37.7799,-121.978,81.64,60,0,11.5,US,1659985807
234,Mayya,61.7333,130.2811,56.52,74,100,7.07,RU,1659985852
235,Abu Samrah,35.3029,37.1841,76.28,52,0,13.27,SY,1659985854
236,Lichinga,-13.3128,35.2406,57.81,53,1,2.77,MZ,1659985855
237,Kondopoga,62.2057,34.2614,56.7,82,100,3.38,RU,1659985856
238,La Romana,18.4273,-68.9728,89.96,62,75,17.27,DO,1659985858
239,Jeremoabo,-10.075,-38.4808,82.38,36,7,12.37,BR,1659985860
240,Gayny,60.3071,54.3241,65.91,86,98,3.8,RU,1659985862
241,Shihezi,44.3,86.0333,76.59,53,100,9.31,CN,1659985786
242,Kalach-na-Donu,48.691,43.5264,77.11,36,16,14.29,RU,1659985866
243,Port Moresby,-9.4431,147.1797,72.81,87,72,9.08,PG,1659985867
244,Moindou,-21.6924,165.677,67.66,77,94,9.01,NC,1659985870
245,San Jose,37.3394,-121.895,82.53,57,20,11.5,US,1659985635
246,Airai,-8.9266,125.4092,57.36,81,75,2.93,TL,1659985873
247,Port Macquarie,-31.4333,152.9167,41.9,86,3,11.39,AU,1659985874
248,Pisco,-13.7,-76.2167,66.25,68,0,16.11,PE,1659985876
249,Port Blair,11.6667,92.75,81.59,82,100,20.2,IN,1659985877
250,Aklavik,68.2191,-135.0107,63.43,55,99,14.03,CA,1659985878
251,Severo-Kuril'sk,50.6789,156.125,55.36,95,100,13.6,RU,1659985880
252,Constitución,-35.3333,-72.4167,56.14,63,0,10.74,CL,1659985881
253,Katsuura,35.1333,140.3,81.0,88,100,19.75,JP,1659985883
254,Hvide Sande,56.0045,8.1294,61.09,74,7,9.31,DK,1659985848
255,Rome,43.2128,-75.4557,90.73,73,20,8.05,US,1659985631
256,Finschhafen,-6.6024,147.8681,78.48,76,68,7.02,PG,1659985888
257,Geneva,41.8875,-88.3054,82.13,89,100,12.66,US,1659985311
258,Zhezkazgan,47.8043,67.7144,69.01,49,100,4.9,KZ,1659985891
259,Manakara,-22.1333,48.0167,65.66,84,1,3.15,MG,1659985640
260,Teahupoo,-17.8333,-149.2667,69.76,60,51,14.09,PF,1659985800
261,Souillac,-20.5167,57.5167,69.19,78,14,9.37,MU,1659985894
262,Ponta do Sol,32.6667,-17.1,76.71,75,0,2.95,PT,1659985896
263,Coos Bay,43.3665,-124.2179,61.93,91,100,8.05,US,1659985897
264,Wenling,28.3669,121.36,81.18,86,14,9.37,CN,1659985899
265,Hasaki,35.7333,140.8333,81.28,86,100,20.71,JP,1659985900
266,Diffa,13.3154,12.6113,78.75,65,19,7.83,NE,1659985901
267,Cândido Mota,-22.7464,-50.3869,70.05,75,100,4.47,BR,1659985903
268,Nizwá,22.9333,57.5333,95.13,33,100,4.92,OM,1659985904
269,Arroyos y Esteros,-25.0667,-57.1,65.95,78,100,4.45,PY,1659985905
270,Mundo Nuevo (Ojo de Agua),18.7,-95.5,83.5,68,100,8.25,MX,1659985907
271,Birao,10.2849,22.7882,73.67,89,74,4.79,CF,1659985908
272,Palmer,42.1584,-72.3287,95.77,55,76,10.0,US,1659985910
273,Nome,64.5011,-165.4064,41.16,93,100,12.66,US,1659985913
274,Mount Isa,-20.7333,139.5,49.77,37,0,0.0,AU,1659985914
275,Dandong,40.1292,124.3947,65.62,80,59,6.93,CN,1659985916
276,Vestmannaeyjar,63.4427,-20.2734,52.79,93,100,23.02,IS,1659985917
277,Kaeo,-35.1,173.7833,50.32,96,93,3.94,NZ,1659985918
278,Katobu,-4.9408,122.5276,73.51,93,100,3.56,ID,1659985920
279,Abiko,35.8667,140.0167,86.94,69,65,13.56,JP,1659985921
280,Senekal,-28.3197,27.6208,48.74,51,0,6.35,ZA,1659985923
281,Mehamn,71.0357,27.8492,51.75,82,100,9.22,NO,1659985926
282,Bathsheba,13.2167,-59.5167,83.01,89,75,19.57,BB,1659985927
283,Machiques,10.0644,-72.545,92.97,51,14,6.02,VE,1659985929
284,Tigil',57.8,158.6667,55.56,70,13,2.04,RU,1659985930
285,Manokwari,-0.8667,134.0833,77.41,80,100,4.99,ID,1659985932
286,Labuhan,-6.8844,112.2051,76.48,84,84,8.48,ID,1659985933
287,Kloulklubed,7.0419,134.2556,82.69,77,100,12.64,PW,1659985934
288,Quatre Cocos,-20.2078,57.7625,66.09,76,2,13.4,MU,1659985936
289,Effingham County,32.3669,-81.3332,90.05,43,79,2.3,US,1659985937
290,Hauterive,46.0901,3.4459,81.36,29,0,4.45,FR,1659985940
291,Härnösand,62.6323,17.9379,59.02,80,8,6.73,SE,1659985943
292,Santa Isabel Rio Negro,-0.4139,-65.0192,85.33,63,100,3.0,BR,1659985944
293,Biggar,55.6167,-3.5167,64.69,79,4,6.08,GB,1659985945
294,Bud,39.447,-86.1758,91.92,69,14,14.41,US,1659985947
295,Sochi,43.6,39.7303,73.49,68,0,4.0,RU,1659985948
296,Nongstoin,25.5167,91.2667,68.11,99,83,2.17,IN,1659985950
297,Waddān,29.1614,16.139,89.44,21,0,8.79,LY,1659985951
298,Norman Wells,65.282,-126.8329,66.45,46,88,3.13,CA,1659985952
299,Puerto Ayacucho,5.6639,-67.6236,88.02,66,88,2.77,VE,1659985954
300,Solin,43.55,16.5,83.52,37,40,13.8,HR,1659985955
301,Pasni,25.2631,63.471,81.57,87,100,7.94,PK,1659985957
302,Kuna,43.4918,-116.4201,94.66,20,0,8.05,US,1659985958
303,Uelzen,52.9667,10.5667,70.14,64,1,5.77,DE,1659985959
304,Nuuk,64.1835,-51.7216,41.61,87,100,5.75,GL,1659985961
305,Saint George,37.1041,-113.5841,101.62,21,0,4.0,US,1659985741
306,Watertown,42.3709,-71.1828,99.3,46,0,18.41,US,1659985963
307,Navolato,24.7672,-107.6944,91.13,68,100,4.36,MX,1659985965
308,Storforshei,66.4043,14.5233,58.78,62,75,0.0,NO,1659985967
309,Manadhoo,5.7667,73.3833,81.1,82,100,15.37,MV,1659985969
310,Bismil,37.8486,40.6658,91.13,29,0,7.78,TR,1659985970
311,Shahrud,36.4182,54.9763,77.23,59,6,12.84,IR,1659985971
312,Mamlyutka,54.9375,68.5394,59.36,78,15,8.25,KZ,1659985973
313,Touros,-5.1989,-35.4608,80.11,72,6,17.49,BR,1659985974
314,Narsaq,60.9167,-46.05,61.02,68,100,5.95,GL,1659985975
315,Iqaluit,63.7506,-68.5145,55.89,42,61,11.07,CA,1659985978
316,Udaipura,23.0833,78.5,79.56,86,9,5.88,IN,1659985979
317,Cayenne,4.9333,-52.3333,89.64,1,75,16.11,GF,1659985980
318,Gigmoto,13.7796,124.39,78.91,82,36,1.61,PH,1659985982
319,Codrington,-38.2667,141.9667,42.1,84,7,6.55,AU,1659985983
320,Tongling,30.95,117.7833,84.2,71,97,4.63,CN,1659985986
321,Buenaventura,3.8801,-77.0312,82.42,79,71,6.55,CO,1659985988
322,Atambua,-9.1061,124.8925,70.25,85,18,4.41,ID,1659985989
323,Ambilobe,-13.2,49.05,67.15,86,61,3.69,MG,1659985991
324,Eyl,7.9803,49.8164,76.96,75,87,26.02,SO,1659985992
325,Balyqshy,47.0667,51.8667,82.4,24,40,11.18,KZ,1659985995
326,Teguise,29.0605,-13.564,73.62,69,20,25.32,ES,1659985902
327,Khilok,51.3674,110.4676,46.98,72,3,3.67,RU,1659985997
328,Dharmābād,18.9,77.85,72.52,95,100,13.96,IN,1659985999
329,Jiaozhou,36.2839,120.0033,78.73,97,100,3.91,CN,1659986000
330,Shache,38.4167,77.2406,78.69,46,40,9.22,CN,1659986002
331,Guerrero Negro,27.9769,-114.0611,84.72,55,16,10.09,MX,1659986004
332,Stratoni,40.5141,23.8247,78.96,46,3,3.36,GR,1659986005
333,Alenquer,-1.9417,-54.7383,92.98,39,63,8.25,BR,1659986007
334,Natal,-5.795,-35.2094,81.25,69,20,11.5,BR,1659985840
335,Juneau,58.3019,-134.4197,57.85,93,100,5.75,US,1659985986
336,Kununurra,-15.7667,128.7333,66.18,100,0,0.0,AU,1659986010
337,Sīwah,29.2041,25.5195,91.65,25,3,6.42,EG,1659986012
338,Lowestoft,52.4752,1.7516,69.42,81,28,8.97,GB,1659986013
339,Baykit,61.67,96.37,58.42,78,100,3.31,RU,1659986015
340,Cabedelo,-6.9811,-34.8339,81.27,76,7,16.96,BR,1659986016
341,Simao,22.7886,100.9748,63.66,98,4,0.54,CN,1659986018
342,Tanout,14.9709,8.8879,86.13,52,38,15.61,NE,1659986019
343,Sistranda,63.7256,8.834,58.96,80,100,4.7,NO,1659986021
344,Lorengau,-2.0226,147.2712,80.6,79,100,9.55,PG,1659986023
345,Santa Rosa,14.3122,121.1114,77.09,93,100,4.72,PH,1659985929
346,Chicama,-7.8447,-79.1469,61.34,58,7,10.25,PE,1659986025
347,Sherlovaya Gora,50.5667,116.25,48.9,72,7,7.63,RU,1659986027
348,Kumul,42.8,93.45,85.66,27,0,9.08,CN,1659986028
349,Porbandar,21.6422,69.6093,80.6,92,100,15.77,IN,1659986032
350,Tambura,5.6,27.4667,69.82,93,43,3.49,SS,1659986033
351,Fenoarivo,-18.933,47.4354,50.07,93,20,5.75,MG,1659986034
352,Byron Bay,-28.65,153.6167,49.71,87,36,12.08,AU,1659985659
353,Sijunjung,-0.6876,100.9537,72.37,92,75,2.35,ID,1659986037
354,Mapiri,-15.25,-68.1667,75.83,74,100,2.55,BO,1659986038
355,San Quintín,30.4833,-115.95,77.7,68,8,10.31,MX,1659986040
356,Marolambo,-20.05,48.1167,59.63,97,65,0.65,MG,1659986041
357,Moville,42.4889,-96.0725,76.69,27,0,8.97,US,1659986042
358,Ust-Kuyga,70.0167,135.6,59.04,81,100,3.47,RU,1659986044
359,Suleja,9.1758,7.1808,73.18,92,83,1.92,NG,1659986045
360,Hoi An,15.8794,108.335,80.56,89,100,7.14,VN,1659986047
361,Surgut,61.25,73.4167,68.18,82,0,6.71,RU,1659986048
362,Endicott,42.0984,-76.0494,92.41,57,75,12.66,US,1659985977
363,Batemans Bay,-35.7167,150.1833,49.1,93,93,5.55,AU,1659986052
364,San Andrés,12.5847,-81.7006,81.72,83,98,13.96,CO,1659985887
365,Mujiayingzi,42.1167,118.7833,68.32,45,100,3.8,CN,1659986054
366,Kargasok,59.0556,80.8572,57.13,74,56,6.24,RU,1659986056
367,Lubango,-14.9172,13.4925,63.81,16,0,4.14,AO,1659986057
368,Esim,4.8699,-2.2405,74.8,83,14,8.1,GH,1659986058
369,Waingapu,-9.6567,120.2641,74.46,87,8,6.15,ID,1659986060
370,Colwyn Bay,53.2948,-3.7267,66.22,3,5,1.99,GB,1659986061
371,Faya,18.3851,42.4509,64.92,71,73,1.83,SA,1659986062
372,Magalia,39.8121,-121.5783,88.12,36,15,1.99,US,1659986064
373,Miandrivazo,-19.5167,45.4667,70.68,57,0,3.11,MG,1659986065
374,Hollola,61.05,25.4333,55.58,76,86,2.1,FI,1659986066
375,Dalnerechensk,45.9339,133.7225,56.5,81,0,8.05,RU,1659986068
376,Meihekou,42.5272,125.6753,58.15,84,1,5.64,CN,1659986069
377,Bereda,43.2686,-7.5406,70.41,92,0,6.06,ES,1659986071
378,Gazojak,41.1875,61.4036,82.71,21,18,18.77,TM,1659986073
379,Kulhudhuffushi,6.6221,73.07,80.87,84,100,15.23,MV,1659986074
380,Ilulissat,69.2167,-51.1,44.62,93,75,4.61,GL,1659986076
381,Teeli,51.0333,90.2333,56.93,74,100,2.53,RU,1659986077
382,Port Hardy,50.6996,-127.4199,62.78,72,75,10.36,CA,1659986079
383,Krasnogvardeyskoye,45.8456,41.5186,74.89,40,0,7.11,RU,1659986080
384,Batticaloa,7.7102,81.6924,82.54,57,100,13.18,LK,1659986082
385,Baghdad,33.3406,44.4009,93.11,15,0,6.91,IQ,1659985916
386,Straumen,63.8709,11.2999,60.8,80,100,3.94,NO,1659986084
387,Dārāb,28.7519,54.5444,94.19,17,0,7.52,IR,1659986087
388,Novosysoyevka,44.235,133.3642,57.07,95,45,3.91,RU,1659986088
389,Zhigansk,66.7697,123.3711,51.35,85,99,4.14,RU,1659986089
390,Ilawe,7.8667,4.4333,72.59,88,100,4.16,NG,1659986091
391,Mahabalipuram,12.6264,80.1722,88.05,62,100,16.62,IN,1659986092
392,Waitati,-45.75,170.5667,37.8,85,95,8.72,NZ,1659986093
393,Santa Cruz de la Sierra,-17.8,-63.1667,67.46,83,75,13.8,BO,1659986072
394,Springbok,-29.6643,17.8865,52.56,38,100,8.55,ZA,1659986096
395,Ahipara,-35.1667,173.1667,50.94,88,26,1.19,NZ,1659986097
396,Yatou,37.15,122.3833,76.95,95,84,3.06,CN,1659986099
397,Prieska,-29.6641,22.7474,56.62,46,14,1.92,ZA,1659986101
398,Sitka,57.0531,-135.33,58.89,77,75,0.0,US,1659986104
399,Upata,8.0086,-62.3989,89.19,64,89,2.28,VE,1659986105
400,Rovigo,45.08,11.793,80.06,61,7,7.63,IT,1659986107
401,Kattivākkam,13.2167,80.3167,88.07,68,100,18.16,IN,1659986108
402,Havelock,34.8791,-76.9013,89.98,72,11,5.01,US,1659986110
403,Warrnambool,-38.3833,142.4833,44.11,78,98,6.35,AU,1659986111
404,São João da Barra,-21.6403,-41.0511,78.89,67,53,14.79,BR,1659986113
405,Nueva Loja,0.0847,-76.8828,71.62,100,75,8.05,EC,1659986115
406,Acaraú,-2.8856,-40.12,83.43,60,31,19.75,BR,1659986117
407,Leer,8.3018,30.1418,73.04,95,100,1.23,SS,1659986119
408,Nouakchott,18.0858,-15.9785,84.13,77,0,11.01,MR,1659986120
409,Polovinnoye,54.7914,65.9864,59.7,72,81,7.43,RU,1659986122
410,Anjozorobe,-18.4,47.8667,50.32,93,50,5.7,MG,1659986123
411,Bako,5.7833,36.5667,70.07,59,100,2.98,ET,1659986124
412,Svetlaya,46.5389,138.3297,62.4,77,0,6.89,RU,1659986126
413,Kiryat Gat,31.61,34.7642,81.28,100,0,6.4,IL,1659986041
414,Prymors'k,46.7348,36.3443,81.18,28,1,9.19,UA,1659986130
415,Būlaevo,54.9056,70.4439,65.32,61,66,9.53,KZ,1659986131
416,Bandundu Province,-3.3167,17.3667,85.69,32,0,0.67,CD,1659986133
417,Hamilton,39.1834,-84.5333,92.08,68,40,14.97,US,1659986050
418,Bonthe,7.5264,-12.505,77.54,80,91,10.54,SL,1659986135
419,Agüimes,27.9054,-15.4461,73.85,71,20,28.77,ES,1659986137
420,Bereket,39.2446,55.5154,89.49,23,0,6.53,TM,1659986138
421,Fuerte Olimpo,-21.0415,-57.8738,65.01,96,100,7.05,PY,1659986139
422,General Pico,-35.6566,-63.7568,51.4,62,100,0.11,AR,1659985875
423,Navoiy,40.0844,65.3792,74.68,25,0,2.3,UZ,1659986142
424,Beringovskiy,63.05,179.3167,47.44,62,92,3.02,RU,1659986143
425,Kosiv,48.3107,25.0958,64.18,91,100,3.2,UA,1659986145
426,San Policarpo,12.1791,125.5072,77.88,85,95,2.64,PH,1659986146
427,Muhororo,0.9381,30.7594,67.19,59,32,3.0,UG,1659986147
428,Paramonga,-10.6667,-77.8333,66.6,71,9,12.82,PE,1659986149
429,Ayan,56.45,138.1667,54.5,99,100,19.77,RU,1659986150
430,Cerrito,6.8432,-72.694,66.43,59,28,2.59,CO,1659986151
431,Honchō,41.8833,140.6833,75.13,97,100,10.02,JP,1659986153
432,Rio Brilhante,-21.8019,-54.5464,74.97,75,100,3.06,BR,1659986151
433,Parrita,9.5201,-84.3225,81.99,78,100,7.09,CR,1659986155
434,Nānākuli,21.3906,-158.1547,83.43,61,40,10.36,US,1659986156
435,Plettenberg Bay,-34.0527,23.3716,59.81,80,6,5.53,ZA,1659986158
436,Agios Vasileios,37.8,22.8,81.3,44,0,8.9,GR,1659986159
437,Rebrikha,53.0733,82.3408,61.99,68,92,5.57,RU,1659986161
438,Kudahuvadhoo,2.6708,72.8944,81.55,78,100,11.14,MV,1659986162
439,Brumadinho,-20.1433,-44.1997,82.72,34,34,10.51,BR,1659986163
440,Porto União,-26.2381,-51.0783,67.96,71,65,4.16,BR,1659986165
441,Mogadishu,2.0371,45.3438,76.32,83,88,21.9,SO,1659986166
442,Ruidoso,33.3317,-105.673,80.76,42,40,16.11,US,1659986168
443,Richards Bay,-28.783,32.0377,65.61,83,50,14.79,ZA,1659986169
444,Kavaratti,10.5669,72.642,80.73,83,100,21.21,IN,1659986171
445,Chenzhou,25.8,113.0333,76.86,85,5,4.76,CN,1659986172
446,Nanortalik,60.1432,-45.2371,45.73,82,100,6.87,GL,1659986174
447,Hamina,60.5697,27.1979,65.48,68,91,1.61,FI,1659986175
448,Lavrentiya,65.5833,-171.0,38.93,86,100,11.99,RU,1659986177
449,Wynyard,-41.0,145.7167,41.95,92,49,1.86,AU,1659986178
450,Rossland,49.0831,-117.8022,82.62,16,0,4.45,CA,1659986180
451,Velyka Bahachka,49.7912,33.7226,68.74,72,33,7.36,UA,1659986181
452,Balikpapan,-1.2675,116.8289,81.59,83,40,3.44,ID,1659986184
453,Tual,-5.6667,132.75,79.88,83,89,22.93,ID,1659986185
454,Bento Gonçalves,-29.1714,-51.5192,53.96,95,100,10.0,BR,1659986187
455,Isla Mujeres,21.2311,-86.731,89.65,67,98,7.72,MX,1659986188
456,Pochutla,15.7432,-96.4661,90.82,56,100,7.11,MX,1659986190
457,Lake Shasta,40.6804,-122.3708,92.75,29,0,1.99,US,1659986163
458,Wanaka,-44.7,169.15,29.1,82,71,1.99,NZ,1659986193
459,Karpathos,35.507,27.2132,76.96,83,20,17.27,GR,1659986194
460,Westport,41.1415,-73.3579,95.27,65,0,16.11,US,1659986196
461,Reconquista,-29.15,-59.65,59.07,70,100,10.42,AR,1659986197
462,Leh,34.1667,77.5833,67.68,46,82,6.06,IN,1659986198
463,Lodja,-3.4833,23.4333,79.92,34,28,0.67,CD,1659986200
464,Praia da Vitória,38.7333,-27.0667,77.76,84,22,9.53,PT,1659986075
465,Cherskiy,68.75,161.3,51.12,49,83,6.06,RU,1659986202
466,Burayevo,55.8407,55.4083,69.39,68,84,2.98,RU,1659986203
467,Urusha,54.05,122.9,51.57,81,100,10.11,RU,1659986205
468,Hammond,41.5834,-87.5,84.4,79,75,13.8,US,1659986206
469,Mackay,-21.15,149.2,46.69,57,0,9.86,AU,1659986209
470,Springdale,36.1867,-94.1288,95.58,52,75,12.66,US,1659986086
471,Francistown,-21.17,27.5079,70.81,25,0,8.37,BW,1659986211
472,Dongli,23.5656,116.8194,75.18,100,75,6.71,CN,1659986212
473,Barabai,-2.5833,115.3833,73.17,88,25,1.72,ID,1659986214
474,Amaigbo,5.7892,7.8383,74.57,92,100,6.46,NG,1659986215
475,Naze,28.3667,129.4833,81.52,77,57,6.17,JP,1659986217
476,Saurimo,-9.6608,20.3916,69.8,22,0,4.14,AO,1659986218
477,Iskateley,67.6803,53.1512,57.94,61,100,13.8,RU,1659986219
478,Ossora,59.2353,163.0719,58.71,78,33,3.38,RU,1659986221
479,Barra de Tecoanapa,16.5167,-98.75,85.93,63,100,8.21,MX,1659986227
480,Pemba,-12.974,40.5178,74.1,83,20,9.22,MZ,1659986229
481,Tumut,-35.3,148.2167,37.29,91,8,2.91,AU,1659986231
482,Susa,32.1942,48.2436,108.36,11,0,13.22,IR,1659986232
483,Russell,32.3502,-85.1999,90.68,58,0,3.44,US,1659986234
484,Olafsvik,64.8945,-23.7142,52.05,92,100,14.83,IS,1659986235
485,Sandnessjøen,66.0217,12.6316,59.52,72,75,14.97,NO,1659986237
486,Kendal,54.3268,-2.7476,65.61,71,64,3.31,GB,1659986238
487,Kahului,20.8947,-156.47,84.22,65,40,16.11,US,1659986240
488,Grand Gaube,-20.0064,57.6608,70.2,77,2,3.0,MU,1659986242
489,Tirumullaivāsal,11.2333,79.8333,82.63,64,100,19.62,IN,1659986243
490,Bowen,-20.0167,148.2333,56.95,74,0,8.66,AU,1659986244
491,Nadvoitsy,63.8667,34.3167,57.11,69,100,4.92,RU,1659986246
492,São Luiz Gonzaga,-28.4083,-54.9608,60.58,82,100,10.13,BR,1659986247
493,Xishan,27.6667,113.5,79.66,77,3,3.15,CN,1659986249
494,Gambēla,8.25,34.5833,70.43,98,100,1.57,ET,1659986250
495,Guntakal,15.1667,77.3833,74.3,80,100,21.41,IN,1659986253
496,Tongliao,43.6125,122.2653,63.48,58,0,8.72,CN,1659986254
497,Delta del Tigre,-34.7633,-56.3853,55.81,62,20,14.97,UY,1659986256
498,Geraldton,-28.7667,114.6,57.61,62,40,17.27,AU,1659986257
499,Chibuto,-24.6867,33.5306,72.09,42,0,11.81,MZ,1659986258
500,Marawi,7.9986,124.2928,67.55,97,100,1.52,PH,1659986260
501,Yangi Marg`ilon,40.4272,71.7189,84.92,23,0,9.22,UZ,1659986261
502,Ashland,40.8167,-82.2665,86.27,78,98,13.91,US,1659986263
503,Polunochnoye,60.8697,60.4153,67.62,64,53,3.29,RU,1659986264
504,Pimenta Bueno,-11.6725,-61.1936,99.46,27,39,1.74,BR,1659986003
505,Halvad,23.0167,71.1833,83.68,80,100,2.68,IN,1659986267
506,Tornio,65.8481,24.1466,57.22,74,100,5.91,FI,1659986268
507,Orapa,-21.2833,25.3667,65.79,24,0,6.73,BW,1659986269
508,La Rioja,42.25,-2.5,73.18,55,70,4.14,ES,1659986271
509,Dunedin,-45.8742,170.5036,37.8,85,85,11.92,NZ,1659986134
510,Suntar,62.1444,117.6319,54.97,96,100,5.06,RU,1659986273
511,Berlevåg,70.8578,29.0864,51.8,76,100,11.5,NO,1659986274
512,Kutum,14.2,24.6667,75.15,70,85,16.82,SD,1659986277
513,Sudak,44.85,34.9667,76.53,52,0,10.49,UA,1659986278
514,Virginia Beach,36.8529,-75.978,95.02,58,75,8.05,US,1659985953
515,Magway,20.15,94.9167,75.74,95,100,11.92,MM,1659986150
516,Beira,-19.8436,34.8389,64.49,88,0,4.61,MZ,1659986282
517,Sola,-13.8833,167.55,80.42,69,5,2.21,VU,1659986284
518,Bam,29.106,58.357,92.35,14,0,9.51,IR,1659986285
519,Wazīrganj,28.2167,79.05,87.85,63,5,5.57,IN,1659986287
520,Samarai,-10.6167,150.6667,79.32,71,100,13.87,PG,1659986288
521,Sinnamary,5.3833,-52.95,85.46,65,99,11.68,GF,1659986290
522,Berdigestyakh,62.0989,126.6992,52.12,88,100,8.16,RU,1659986291
523,Neuquén,-38.9516,-68.0591,46.29,76,75,3.44,AR,1659986293
524,Evensk,61.95,159.2333,54.37,76,3,1.77,RU,1659986294
525,Gairo,39.8497,9.5047,70.7,80,0,1.95,IT,1659986296
526,Tahe,52.3333,124.7333,51.24,85,100,11.48,CN,1659986297
527,Pangnirtung,66.1451,-65.7125,50.0,71,40,3.44,CA,1659986299
528,Ormara,25.2088,64.6357,81.59,86,99,9.48,PK,1659986300
529,Rūdbār,30.15,62.6,95.45,13,61,14.2,AF,1659986302
530,Quryq,43.2,51.65,76.23,50,100,10.76,KZ,1659986303
531,Sørland,67.667,12.6934,55.26,86,100,22.79,NO,1659986305
532,State College,40.7934,-77.86,91.58,65,75,6.91,US,1659986306
533,Divnogorsk,55.9594,92.3619,53.74,85,13,0.94,RU,1659986307
534,Santiago,-33.4569,-70.6483,63.0,40,0,3.44,CL,1659985986
535,Talnakh,69.4865,88.3972,63.21,94,99,6.24,RU,1659986311
536,São Filipe,14.8961,-24.4956,79.36,82,100,9.26,CV,1659986313
537,Zyryanka,65.75,150.85,65.19,65,10,5.59,RU,1659986314
538,Taoudenni,22.6783,-3.9836,109.15,8,0,12.21,ML,1659986316
539,Karratha,-20.7377,116.8463,68.52,38,96,10.13,AU,1659986318
540,Setermoen,68.861,18.3486,54.43,77,100,1.01,NO,1659986319
541,Requena,39.4883,-1.1004,75.79,49,0,8.55,ES,1659986322
542,Racoviţa,45.6983,21.6358,72.01,88,100,9.71,RO,1659986323
543,San Rafael del Sur,11.8485,-86.4384,83.37,67,100,11.88,NI,1659986325
544,Guozhen,34.3659,107.359,81.57,72,96,3.56,CN,1659986327
545,Manta,-0.95,-80.7333,76.78,73,100,9.22,EC,1659986329
546,Kieta,-6.2167,155.6333,77.83,84,84,1.61,PG,1659986330
547,Tilichiki,60.4667,166.1,55.0,79,83,3.04,RU,1659986331
548,Taltal,-25.4,-70.4833,61.61,66,24,5.5,CL,1659986333
549,San Julián,21.0167,-102.1667,71.83,47,100,2.89,MX,1659986334
550,Shimoda,34.6667,138.95,80.1,89,100,12.28,JP,1659986335
551,Mogadouro,41.3403,-6.7119,86.25,19,0,4.83,PT,1659986337
552,Ishigaki,24.3448,124.1572,82.53,78,20,5.75,JP,1659986338
553,Jiaozuo,35.2397,113.2331,77.77,96,100,3.33,CN,1659986071
554,Broome,42.2506,-75.833,92.53,57,75,12.66,US,1659986341
555,Safi,32.2994,-9.2372,71.47,74,0,16.89,MA,1659986342
556,Basti,26.8,82.7167,86.2,70,100,6.71,IN,1659986343
